"First Name","Last Name","Gender","Age","Email","Phone","Occupation","Salary"
"Victoria","Watson","Female","34","v.watson@randatmail.com","827-3830-70","Economist","7818"
"Camila","Crawford","Female","32","c.crawford@randatmail.com","924-9884-17","Lecturer","7870"
"Violet","Moore","Female","38","v.moore@randatmail.com","309-5999-56","Salesman","1570"
"Jessica","Reed","Female","36","j.reed@randatmail.com","957-8479-98","Historian","1679"
"Sarah","Martin","Female","36","s.martin@randatmail.com","145-7329-73","Carpenter","9527"
"Myra","Campbell","Female","39","m.campbell@randatmail.com","239-7497-83","Manager","6527"
"Agata","Montgomery","Female","38","a.montgomery@randatmail.com","219-4618-12","Interpreter","9323"
"Abigail","Ferguson","Female","32","a.ferguson@randatmail.com","390-8530-22","Meteorologist","5923"
"Garry","Owens","Male","36","g.owens@randatmail.com","016-8805-22","Economist","6073"
"Brianna","Henderson","Female","40","b.henderson@randatmail.com","778-5440-84","Biochemist","7777"
"Briony","Martin","Female","37","b.martin@randatmail.com","464-9118-40","Carpenter","2413"
"Amy","Henderson","Female","39","a.henderson@randatmail.com","231-4410-61","Teacher","1082"
"Martin","Wells","Male","30","m.wells@randatmail.com","353-2809-53","Aeroplane Pilot","5039"
"Miller","Wright","Male","32","m.wright@randatmail.com","769-8686-06","Medic","9907"
"Preston","Morris","Male","34","p.morris@randatmail.com","691-0070-32","Carpenter","9243"
"Haris","Cooper","Male","36","h.cooper@randatmail.com","313-6985-13","Engineer","1967"
"Savana","Adams","Female","35","s.adams@randatmail.com","806-6189-37","Hairdresser","2468"
"Carl","Cameron","Male","39","c.cameron@randatmail.com","238-4383-26","Baker","8576"
"Victor","Wright","Male","35","v.wright@randatmail.com","336-2032-78","Manager","8804"
"Samantha","Dixon","Female","37","s.dixon@randatmail.com","990-6436-54","Auditor","1001"
"Vincent","Stevens","Male","36","v.stevens@randatmail.com","989-7442-64","Manager","3437"
"Clark","Morrison","Male","37","c.morrison@randatmail.com","234-6224-36","Astronomer","4037"
"Nicholas","Allen","Male","38","n.allen@randatmail.com","827-1783-39","Aeroplane Pilot","2437"
"Ryan","Harrison","Male","34","r.harrison@randatmail.com","216-4422-82","Dancer","5035"
"Sawyer","Montgomery","Male","33","s.montgomery@randatmail.com","323-8141-49","Fashion Designer","1489"
"Dominik","Barrett","Male","37","d.barrett@randatmail.com","176-0943-33","Chemist","7398"
"David","Roberts","Male","31","d.roberts@randatmail.com","965-7151-89","Composer","6261"
"Abraham","Morrison","Male","30","a.morrison@randatmail.com","555-8409-64","Electrician","9230"
"Adison","Armstrong","Male","32","a.armstrong@randatmail.com","423-7465-39","Mathematician","8284"
"Tony","Warren","Male","40","t.warren@randatmail.com","777-0353-39","Florist","6210"
"Tara","Carter","Female","35","t.carter@randatmail.com","684-9246-32","Chemist","2214"
"Spike","Grant","Male","30","s.grant@randatmail.com","015-3568-12","Chef","3795"
"Ned","Rogers","Male","30","n.rogers@randatmail.com","270-3124-79","Police Officer","2034"
"Abraham","Wilson","Male","40","a.wilson@randatmail.com","822-7174-75","Archeologist","4957"
"Tara","Crawford","Female","37","t.crawford@randatmail.com","973-8927-38","Electrician","3965"
"Madaline","Johnson","Female","37","m.johnson@randatmail.com","333-1419-74","Carpenter","7398"
"William","Stevens","Male","38","w.stevens@randatmail.com","260-4109-66","Carpenter","6077"
"Adam","Scott","Male","36","a.scott@randatmail.com","696-6021-94","Veterinarian","8285"
"Penelope","Wells","Female","40","p.wells@randatmail.com","031-0896-26","Dancer","8378"
"Chester","Clark","Male","32","c.clark@randatmail.com","180-6517-96","Programmer","9431"
"Alisa","Kelley","Female","31","a.kelley@randatmail.com","604-9132-01","Journalist","9885"
"Michelle","Mitchell","Female","33","m.mitchell@randatmail.com","725-3212-41","Electrician","4997"
"Alina","Andrews","Female","30","a.andrews@randatmail.com","162-7335-45","Physicist","8389"
"Preston","Myers","Male","33","p.myers@randatmail.com","049-5266-92","Graphic Designer","9981"
"Charlotte","Cole","Female","33","c.cole@randatmail.com","871-0291-43","Fashion Designer","1765"
"Patrick","Douglas","Male","39","p.douglas@randatmail.com","686-3134-51","Interior Designer","6727"
"Chelsea","Mason","Female","32","c.mason@randatmail.com","631-2604-16","Dancer","6625"
"Lana","West","Female","32","l.west@randatmail.com","444-3705-56","Chemist","8714"
"Deanna","Adams","Female","39","d.adams@randatmail.com","616-0274-57","Journalist","1214"
"Jasmine","Ross","Female","39","j.ross@randatmail.com","898-1248-38","Salesman","8299"
"Julia","Hall","Female","31","j.hall@randatmail.com","730-6926-15","Florist","2080"
"Luke","Carroll","Male","39","l.carroll@randatmail.com","010-8532-13","Manager","5444"
"Sabrina","Murray","Female","35","s.murray@randatmail.com","392-1513-76","Driver","5817"
"Maddie","Bailey","Female","38","m.bailey@randatmail.com","017-0044-16","Firefighter","6077"
"Lenny","Barnes","Male","39","l.barnes@randatmail.com","010-2038-89","Teacher","6086"
"Daniel","Fowler","Male","33","d.fowler@randatmail.com","754-4860-40","Carpenter","1817"
"Sydney","Clark","Female","33","s.clark@randatmail.com","526-8692-99","Botanist","6947"
"Penelope","Edwards","Female","30","p.edwards@randatmail.com","825-6888-88","Chemist","9667"
"Arnold","Carter","Male","32","a.carter@randatmail.com","397-3577-36","Manager","2082"
"Chester","Cooper","Male","40","c.cooper@randatmail.com","156-1840-92","Salesman","3572"
"Lucas","Payne","Male","38","l.payne@randatmail.com","790-3338-97","Lawer","7030"
"Martin","Parker","Male","40","m.parker@randatmail.com","253-4415-40","Biochemist","6749"
"Vanessa","Lloyd","Female","36","v.lloyd@randatmail.com","714-1844-44","Teacher","7288"
"Roland","Mitchell","Male","39","r.mitchell@randatmail.com","485-5399-55","Actor","4051"
"Paige","Walker","Female","35","p.walker@randatmail.com","761-7712-86","Fine Artist","1656"
"Belinda","Wright","Female","40","b.wright@randatmail.com","780-2784-12","Dancer","7170"
"Tiana","Baker","Female","36","t.baker@randatmail.com","892-4929-93","Composer","8745"
"Savana","Howard","Female","31","s.howard@randatmail.com","857-1217-62","Pharmacist","3021"
"Lilianna","Fowler","Female","38","l.fowler@randatmail.com","202-9802-96","Producer","6691"
"Byron","Morris","Male","37","b.morris@randatmail.com","826-1367-23","Chemist","4098"
"George","Adams","Male","35","g.adams@randatmail.com","739-1399-28","Social Worker","6221"
"Jessica","Fowler","Female","32","j.fowler@randatmail.com","219-3823-54","Baker","3745"
"Ryan","Andrews","Male","30","r.andrews@randatmail.com","141-2345-57","Photographer","1238"
"Charlie","Chapman","Male","31","c.chapman@randatmail.com","757-9352-22","Pharmacist","4107"
"Dexter","Walker","Male","32","d.walker@randatmail.com","003-5818-18","Baker","9692"
"Aldus","Williams","Male","32","a.williams@randatmail.com","875-7943-37","Salesman","1546"
"Kate","Cameron","Female","31","k.cameron@randatmail.com","880-8496-31","Florist","2045"
"Aston","Douglas","Male","34","a.douglas@randatmail.com","574-3823-83","Physicist","1591"
"Sawyer","Bennett","Male","37","s.bennett@randatmail.com","918-2569-95","Astronomer","5211"
"Caroline","Thompson","Female","33","c.thompson@randatmail.com","060-2535-26","Veterinarian","3207"
"Amanda","Craig","Female","36","a.craig@randatmail.com","470-2886-21","Interior Designer","6688"
"Myra","Crawford","Female","32","m.crawford@randatmail.com","448-5268-05","Scientist","8280"
"Lily","Jones","Female","37","l.jones@randatmail.com","223-6997-48","Graphic Designer","5599"
"Adam","Hunt","Male","39","a.hunt@randatmail.com","938-1115-24","Composer","7840"
"Aston","Riley","Male","32","a.riley@randatmail.com","968-6910-48","Veterinarian","9307"
"Ryan","Carter","Male","32","r.carter@randatmail.com","817-9879-44","Pharmacist","1334"
"Tess","Smith","Female","33","t.smith@randatmail.com","073-5582-56","Pharmacist","3244"
"Garry","Montgomery","Male","32","g.montgomery@randatmail.com","817-7375-73","Salesman","8748"
"Byron","Hunt","Male","36","b.hunt@randatmail.com","373-0918-25","Florist","8671"
"Amelia","Baker","Female","36","a.baker@randatmail.com","118-7984-74","Chef","3951"
"Miley","Hamilton","Female","36","m.hamilton@randatmail.com","966-3318-26","Manager","4775"
"Camila","Russell","Female","32","c.russell@randatmail.com","449-2679-24","Interior Designer","8951"
"Paul","Campbell","Male","33","p.campbell@randatmail.com","519-9632-91","Scientist","1271"
"Stella","Cameron","Female","32","s.cameron@randatmail.com","123-8988-98","Graphic Designer","8671"
"Adrian","Parker","Male","38","a.parker@randatmail.com","546-2334-85","Actor","8123"
"Lilianna","Cameron","Female","31","l.cameron@randatmail.com","487-9209-89","Driver","2662"
"Kelvin","Hall","Male","33","k.hall@randatmail.com","463-1942-61","Jeweller","7390"
"Julian","Douglas","Male","37","j.douglas@randatmail.com","874-1742-91","Lawer","1655"
"John","Russell","Male","30","j.russell@randatmail.com","268-6413-02","Journalist","2230"
"Blake","Cameron","Male","37","b.cameron@randatmail.com","279-3057-62","Cook","3055"
"Honey","Hawkins","Female","31","h.hawkins@randatmail.com","388-8151-39","Florist","2850"
"Harold","Bennett","Male","36","h.bennett@randatmail.com","492-7348-53","Mathematician","4155"
"Miley","Hill","Female","40","m.hill@randatmail.com","822-8478-15","Dancer","4667"
"Sophia","Moore","Female","36","s.moore@randatmail.com","800-3134-74","Manager","7275"
"Alberta","Grant","Female","34","a.grant@randatmail.com","811-9811-07","Historian","8464"
"Kellan","Martin","Male","31","k.martin@randatmail.com","799-1175-46","Baker","4496"
"Blake","Owens","Male","34","b.owens@randatmail.com","634-8091-20","Medic","824"
"Connie","Harper","Female","30","c.harper@randatmail.com","819-5269-79","Salesman","3897"
"Honey","Farrell","Female","40","h.farrell@randatmail.com","754-1801-75","Engineer","9152"
"Lucy","Payne","Female","36","l.payne@randatmail.com","332-7116-93","Engineer","1260"
"Rosie","Wilson","Female","34","r.wilson@randatmail.com","367-8912-40","Biochemist","4717"
"Grace","Dixon","Female","38","g.dixon@randatmail.com","569-2430-84","Agronomist","863"
"Miley","Richardson","Female","37","m.richardson@randatmail.com","233-6730-47","Cook","4635"
"Roland","Alexander","Male","37","r.alexander@randatmail.com","529-2544-23","Historian","3549"
"Walter","Russell","Male","36","w.russell@randatmail.com","146-0749-79","Florist","9104"
"Harold","Richardson","Male","40","h.richardson@randatmail.com","411-2383-69","Baker","3761"
"Victor","Phillips","Male","33","v.phillips@randatmail.com","122-7107-20","Physicist","5518"
"Adele","Payne","Female","31","a.payne@randatmail.com","939-0973-39","Meteorologist","7969"
"Rafael","Elliott","Male","31","r.elliott@randatmail.com","061-0197-80","Florist","5574"
"Alisa","Allen","Female","35","a.allen@randatmail.com","515-0635-70","Salesman","7627"
"Lydia","Stevens","Female","34","l.stevens@randatmail.com","321-8961-45","Interpreter","1580"
"Adison","Mitchell","Male","38","a.mitchell@randatmail.com","445-5247-04","Historian","1854"
"Ryan","Payne","Male","39","r.payne@randatmail.com","358-2647-57","Teacher","5897"
"Bruce","Myers","Male","38","b.myers@randatmail.com","733-5072-89","Salesman","1744"
"Ada","Rogers","Female","33","a.rogers@randatmail.com","025-1922-31","Composer","8429"
"Lenny","Perry","Male","37","l.perry@randatmail.com","768-3505-78","Florist","5037"
"Rebecca","Brown","Female","31","r.brown@randatmail.com","174-7990-99","Police Officer","6523"
"Victor","Ellis","Male","40","v.ellis@randatmail.com","798-0792-43","Fashion Designer","8470"
"Maria","Davis","Female","32","m.davis@randatmail.com","305-1974-48","Architect","8904"
"Carina","Dixon","Female","38","c.dixon@randatmail.com","279-6179-27","Police Officer","2113"
"Alina","Ferguson","Female","38","a.ferguson@randatmail.com","566-1957-94","Lawer","8853"
"Oscar","Richardson","Male","30","o.richardson@randatmail.com","667-6473-38","Producer","4846"
"Valeria","Mason","Female","31","v.mason@randatmail.com","481-6319-92","Agronomist","5047"
"Jared","Miller","Male","32","j.miller@randatmail.com","836-2773-34","Social Worker","3108"
"Carl","Grant","Male","31","c.grant@randatmail.com","566-5802-31","Electrician","1008"
"Arnold","Anderson","Male","35","a.anderson@randatmail.com","079-3330-08","Botanist","3845"
"Jack","Gibson","Male","35","j.gibson@randatmail.com","831-9182-69","Police Officer","7843"
"Alina","Martin","Female","38","a.martin@randatmail.com","729-4404-44","Graphic Designer","1546"
"Penelope","Stewart","Female","39","p.stewart@randatmail.com","569-5918-52","Journalist","5191"
"Richard","Payne","Male","30","r.payne@randatmail.com","795-3306-34","Archeologist","1839"
"Lucas","Lloyd","Male","36","l.lloyd@randatmail.com","464-7079-18","Firefighter","7890"
"Vanessa","Riley","Female","38","v.riley@randatmail.com","650-8572-09","Interior Designer","7462"
"Carina","Allen","Female","32","c.allen@randatmail.com","597-5645-12","Insurer","3315"
"Preston","Cole","Male","33","p.cole@randatmail.com","925-0254-77","Fashion Designer","4014"
"Lucas","Hawkins","Male","31","l.hawkins@randatmail.com","675-9396-72","Actor","2455"
"Eddy","Taylor","Male","34","e.taylor@randatmail.com","797-0016-76","Electrician","1885"
"Jenna","Higgins","Female","31","j.higgins@randatmail.com","369-6099-85","Hairdresser","5767"
"Abraham","Sullivan","Male","34","a.sullivan@randatmail.com","612-2045-24","Police Officer","7215"
"Rosie","Miller","Female","40","r.miller@randatmail.com","454-3043-50","Firefighter","6028"
"Abigail","Farrell","Female","36","a.farrell@randatmail.com","839-5069-62","Lawer","6365"
"Briony","Foster","Female","39","b.foster@randatmail.com","761-2932-81","Salesman","5147"
"Albert","Johnson","Male","35","a.johnson@randatmail.com","249-2870-50","Graphic Designer","631"
"Adelaide","Ryan","Female","34","a.ryan@randatmail.com","643-3829-04","Veterinarian","5193"
"Jessica","Hall","Female","40","j.hall@randatmail.com","430-1061-14","Social Worker","6918"
"Sophia","Gray","Female","38","s.gray@randatmail.com","079-1298-11","Hairdresser","6024"
"Honey","Smith","Female","37","h.smith@randatmail.com","717-4208-21","Firefighter","3768"
"Harold","Miller","Male","30","h.miller@randatmail.com","095-1056-33","Medic","9166"
"Rosie","Cunningham","Female","36","r.cunningham@randatmail.com","830-1620-88","Fashion Designer","3644"
"Kristian","Higgins","Male","31","k.higgins@randatmail.com","314-9743-55","Interpreter","3897"
"Edward","Russell","Male","35","e.russell@randatmail.com","496-7881-57","Electrician","6564"
"Martin","Douglas","Male","35","m.douglas@randatmail.com","387-7176-59","Aeroplane Pilot","5294"
"Emma","Richardson","Female","33","e.richardson@randatmail.com","305-2225-71","Graphic Designer","5478"
"Kate","Wells","Female","36","k.wells@randatmail.com","758-6196-67","Accountant","1350"
"Lana","Elliott","Female","35","l.elliott@randatmail.com","267-9198-69","Auditor","1915"
"Steven","Watson","Male","32","s.watson@randatmail.com","869-4637-22","Architect","4571"
"Michael","Holmes","Male","39","m.holmes@randatmail.com","693-9247-60","Fine Artist","3045"
"Lucia","Anderson","Female","36","l.anderson@randatmail.com","073-6553-28","Aeroplane Pilot","6832"
"Catherine","Harris","Female","31","c.harris@randatmail.com","579-9717-38","Geologist","3347"
"Sofia","Gibson","Female","35","s.gibson@randatmail.com","948-0578-11","Teacher","6402"
"Tony","Montgomery","Male","31","t.montgomery@randatmail.com","647-8882-06","Scientist","3738"
"Thomas","Ryan","Male","30","t.ryan@randatmail.com","318-2105-50","Photographer","5663"
"Nicole","Turner","Female","37","n.turner@randatmail.com","322-2369-56","Astronomer","9352"
"Walter","Watson","Male","35","w.watson@randatmail.com","126-0047-16","Interpreter","4371"
"Kelvin","Robinson","Male","37","k.robinson@randatmail.com","320-9872-64","Dancer","7175"
"Amy","Thompson","Female","33","a.thompson@randatmail.com","138-6516-34","Baker","2915"
"Dexter","Farrell","Male","33","d.farrell@randatmail.com","492-9014-16","Geologist","5816"
"Henry","Adams","Male","32","h.adams@randatmail.com","198-8777-45","Engineer","7144"
"Alina","Perry","Female","34","a.perry@randatmail.com","091-0216-65","Lawer","6728"
"Annabella","Mitchell","Female","40","a.mitchell@randatmail.com","163-7823-95","Hairdresser","3571"
"Byron","Mitchell","Male","32","b.mitchell@randatmail.com","629-6434-17","Architect","3090"
"Maddie","Montgomery","Female","33","m.montgomery@randatmail.com","463-4115-99","Fashion Designer","8184"
"Oscar","Brooks","Male","37","o.brooks@randatmail.com","270-3010-56","Fashion Designer","4600"
"Edwin","Crawford","Male","39","e.crawford@randatmail.com","809-6298-73","Aeroplane Pilot","2992"
"Heather","Smith","Female","33","h.smith@randatmail.com","159-3541-35","Engineer","8269"
"Oliver","Chapman","Male","30","o.chapman@randatmail.com","304-9808-79","Botanist","2993"
"Alford","Richardson","Male","33","a.richardson@randatmail.com","981-8919-94","Driver","2010"
"Sarah","Spencer","Female","31","s.spencer@randatmail.com","293-6229-57","Physicist","3266"
"John","Kelley","Male","34","j.kelley@randatmail.com","242-5616-73","Social Worker","8188"
"Oscar","Johnston","Male","40","o.johnston@randatmail.com","593-6188-62","Cook","3653"
"Caroline","Payne","Female","39","c.payne@randatmail.com","952-4915-23","Aeroplane Pilot","3380"
"Lana","Harper","Female","33","l.harper@randatmail.com","245-6074-29","Manager","854"
"Emma","Wright","Female","39","e.wright@randatmail.com","594-0192-76","Architect","5646"
"Nicholas","Johnston","Male","31","n.johnston@randatmail.com","926-8352-80","Archeologist","5275"
"Freddie","Murray","Male","31","f.murray@randatmail.com","232-7446-68","Interior Designer","9676"
"Kirsten","Grant","Female","36","k.grant@randatmail.com","681-5593-17","Graphic Designer","3393"
"Michelle","Owens","Female","39","m.owens@randatmail.com","053-2568-38","Graphic Designer","3247"
"Madaline","Perry","Female","36","m.perry@randatmail.com","692-5343-16","Firefighter","9830"
"Maya","Cunningham","Female","36","m.cunningham@randatmail.com","037-5762-59","Lecturer","8091"
"Lucy","Anderson","Female","31","l.anderson@randatmail.com","768-7254-95","Driver","5916"
"Maximilian","Harris","Male","32","m.harris@randatmail.com","079-8030-97","Lawer","7796"
